{
  "project_info": {
    "project_number": "1096730417021",
    "firebase_url": "https://vibration-d879e.firebaseio.com",
    "project_id": "vibration-d879e",
    "storage_bucket": "vibration-d879e.appspot.com"
  },
  "client": [
    {
      "client_info": {
        "mobilesdk_app_id": "1:1096730417021:android:90032d31fa082488",
        "android_client_info": {
          "package_name": "e.huws.vibration"
        }
      },
      "oauth_client": [
        {
          "client_id": "1096730417021-iokgnj1m7dvv9dfjdu80tc9chs2iuico.apps.googleusercontent.com",
          "client_type": 1,
          "android_info": {
            "package_name": "e.huws.vibration",
            "certificate_hash": "409a471941097a04cef5881661e56dfa5b5c1b09"
          }
        },
        {
          "client_id": "1096730417021-ho49hs72kee8p0g3ukq38toras3jn4c6.apps.googleusercontent.com",
          "client_type": 3
        }
      ],
      "api_key": [
        {
          "current_key": "AIzaSyCuq_oe1euS08m6-DDnu8pQRwCWZVrq2Dc"
        }
      ],
      "services": {
        "analytics_service": {
          "status": 1
        },
        "appinvite_service": {
          "status": 2,
          "other_platform_oauth_client": [
            {
              "client_id": "1096730417021-ho49hs72kee8p0g3ukq38toras3jn4c6.apps.googleusercontent.com",
              "client_type": 3
            }
          ]
        },
        "ads_service": {
          "status": 2
        }
      }
    }
  ],
  "configuration_version": "1"
}